planet_id,sign_id,desc
0,0,"立ち止まらない自由人；
太陽が牡羊座に位置する人は、勇気と決断力があり、バイタリティも十分。自分の考えを遠著なく主張し、常にトップを目指す自由人です。開拓精神も王政で、人生の可能性を果敢に切り開いていくタイプ。泳ぎ続けていないと死んでしまうマグロのように、新しいことや刺激を求めて立ち止まることなく進むのです。
反面、自我が強いため、周囲の空気を読まず、他人の意見を受け入れず、顰蹙を買うことも。人の意見にも耳を傾けるといいでしょう。"
0,1,"五感に優れたのんびり屋；
太陽が牡牛座にある場合、ゆっくりながら着実に物事をこなしていくタイプに。冒険より安定を求めるため、何事にも慎重。また、五感に優れ、その感覚を楽しむことに人生の喜びを感じます。それを活かした職業に就くと活躍できるでしょう。
快楽と美も牡牛座が支配するもの。心地よく安定した生活を望みます。美的センスもある一方で物欲や所有欲も強いため、美しいものに囲まれることを求めるでしょう。
頑固なのも特徴ですが、それは攻撃的ではなく抵抗的です。"
0,2,"知的で多才な話術士；
太陽が双子座の人は、好奇心旺盛で聡明。目に映るあらゆるものを知りたい、経験したいタイプ。新しいものに興味がわくと、今までのものをあっさりと捨て、関心ごとを渡り歩くため、その知識と経験は広く浅い一方、持続力に欠けるのも特徴。
また、経験で得たことを誰かに伝えたいという願望があります。そのため、コミュニケーション能力も高いでしょう。
二面性があり、何かに夢中になっていても、心のどこかに醒めた自分がいて、ブレーキをかけるタイプです。"
0,3,"心優しき模倣の天才；
月を守護性とする蟹座は、自己主張力が弱め。感受性が強く、周りの環境や周囲のムードに敏感に反応します。自己防衛本能が働き、「守られたい」という気持ちが強まるでしょう。そのため、絶対的に守ってくれる家族や親しい友人に愛着を持つのです。蟹座自身も寛大な人柄を持っていて、大切な人に献身的。家族を大切にし、自分の生活を侵されることを嫌います。
また、模倣力と記憶力に優れ、職務にも忠実。とくにサポート役としてその実力を発揮するでしょう。"
0,4,"目立ちたがりの王者；
獅子座の守護性は太陽。ゆえに、太陽が持つパワーを余すことなく発揮します。自分の個性を十二分に発揮することにこの上ない喜びを感じるタイプ。自己顕示欲が強く、人の上に立つ資質もあります。認めてもらいたいという願望が強いため、派手な外見や行動に出るのです。
獅子座の太陽は心臓を表すため、いつでも自分が中心にいたいと望みます。プライドが高いため、それが叶わないとひねくれがちなので注意して。ほめられることも、賞賛されることも大好きでしょう。"
0,5,"分析好きな職人；
実際的な知的能力と実務能力に優れたタイプです。観察力や分析力も高く、""自分が正しい""ことにこだわりを持っています。それゆえ、間違っていると認識したら、相手が誰であろうと厳しく批判します。正しい人間だと認めてもらいたい気持ちが根底にあるからです。
潔癖症で几帳面。俯瞰ではなく、物事の見方がピンポイントに。そのため、この配置には職人や名人が多いです。心も身体も敏感なので、日課や食生活のバランスが崩れないようにすると◎"
0,6,"美しき社交家；
太陽が天秤座の人は、社交的で、人との調和を大切にします。理性と感情のバランスがとれていて、公平な判断力、和を尊ぶ精神の持ち主です。説得力があり、駆け引きも上手。平和主義者で、正反対の意見を比較検討し、中立な立場で巧妙に場を取り持つタイプです。
とくに、自分にないものを持った人や正反対のタイプと関わるほど、より器の大きい人間に。ただし、自分の欲求を抑えてストレスを溜めやすい傾向が。
また、優れた審美眼を持ち、美的センスも抜群です。"
0,7,"熱い情熱を秘めた探求者；
太陽が蠍座にある人は、激しい感情と熱い情熱を内に秘めたタイプ。秘密主義で、破壊的な改革力を秘めたまま潜行、爆発すれば周囲の事情をいっぺんさせてしまうほどの究極の力を持っています。強い目的意識を持ち、類稀な集中力と忍耐力で目標に向かいます。
洞察力に優れ、人の心の裏側を見透かす、核心をつくなどもお手のもの。この人に隠し事はできません。
一方で、こだわりが強く、頑固な一面も。猜疑心が強く、嫉妬深いのも特徴です。"
0,8,"ポジティブなチャレンジャー；
太陽・射手座は陽気で楽天的。オープンで率直で、正義感が強い人。おおらかなので快楽主義者に見えますが、実は精神的向上を強く求めていて、学問好き。いつも高度なものを追いかけます。視野も広く、興味の対象も多岐に渡りますが、関心事が移ろいやすく、結果的に広範な分野で活動することに。
縛られるのが嫌いで、節制も苦手。野外を好み、冒険も恐れません。ただし、楽天性から誇大妄想となる場合があります。
落ち着きがなく、無責任な行動をとりがちなので注意を。"
0,9,"責任感の強い野心家；
真面目で思慮深く、責任感が強い人。確実性と安定性を求めるため、コツコツと地道な努力を重ねます。誇りと野心を抱き、常に上を目指しているのです。加えて目的達成への執着心が強く、大きな試練にも耐え抜き、決して諦めません。社会的評価が気になり、自分を追い込みがちです。
倫理観を重視するあまり、他人に厳しくなりやすく、人生を悲観的にとらえる傾向も。一方で、経済観念と優れた実務能力を持っていて、山羊座を成功へと導きます。"
0,10,"友愛精神あふれる変人；
既存の価値観に縛られないユニークな発想力の持ち主。オリジナリティあふれたアイデアで周囲をあっと言わせることも多いでしょう。極めて聡明で天才肌。突拍子のなさから""変人""の異名も。独立心が高く、社会的ステイタスにこだわらないので、我が道をいきます。
また、友愛精神にあふれた人道主義者です。個人主義に見えますが、連帯意識が強く、仲間との共鳴を大事にします。論理志向のため、感情をストレートに出すことが苦手。そのため天邪鬼になりがちです。"
0,11,"つかみどころのない夢想家；
太陽が魚座に位置する人は、感受性が強く、同情心に溢れた博愛主義者。純粋で、困っている人や弱者を助けようという気持ちが強く、自己犠牲を伴うこともあります。また、強引に来られると自分を失い、流されてしまう傾向も強いです。
イマジネーション豊かで創作力に優れますが、夢見がちで、常に幻想を追いかけるため、現実的認識に欠けるところがあります。そのため周りには、つかみどころのない人と映りますが、親しい人の前では無邪気さと愛嬌で許されるタイプです。"
1,0,"無防備な冒険家；
自分の欲求に素直に行動する人。何事にも当たって砕けろの精神で突き進みます。考える前に行動に出るので、失敗も多いですが、深く落ち込まないうえ、１か所に留まることも苦手なのですぐに前進します。
感情をコントロールするのが苦手で、衝動にかられたり爆発したりと落ち着きません。認めてほしい願望が心の奥底にあり、それが叶わないと欲求不満になりがちです。平凡な人生を嫌い、あえて新たな冒険に出るなどして、人生を有意義に送ろうとするでしょう。"
1,1,"温厚な堅実派；
感覚的な快楽と物質的な満足を求めるため、健全な生活と豊かな環境を求めます。地に足がついた生活を好み、側にいるだけで安心するような、温厚で愛情深い人です。
人付き合いはいいですが、必要ならばいつでも境界線を引けるタイプ。のんびりしていて隙があるように思われますが、内面はなかなか頑固です。いったん敵に回すと、それまでの印象は一変するでしょう。
物質的には困ることがなく、土地や不動産などの資産にも恵まれます。"
1,2,"サービス精神旺盛な情報収集家；
月の表す感情面に双子座のスピード感と変化がもたらされます。愛想がよくて、サービス精神も旺盛です。絶えず情報を求め、それを整理し、自由も得ようとします。
また、言葉遊びが得意で、周囲を楽しませることも得意です。移り気で落ち着きがなく、安定性に欠けます。同時に2つのことをこなすこともありますが、それは一番ノッている証です。人生そのものも変化に富んでいるのが特徴です。
生活では移動が多く、乗り物とも縁があります。"
1,3,"ナイーブな気分屋；
月は蟹座の守護星なので、月の特徴がより強く表れます。感受性が豊かで、人の気持ちに敏感です。喜びも悲しみもまともに受け止めることになるので、精神的に疲弊しがち。人に必要とされることを求め、心を操り、母親像を演じながら、人と親密になろうとします。
また、月の満ち欠けのごとく感情が移ろいやすいのも特徴。繊細で心配性ですが、それがいきすぎて感情的になることも。
男性は母性的な女性に惹かれ、女性は母親との関係が複雑になりやすい傾向があります。"
1,4,"気前のいいタレント；
この配置の人は「特別な人として認められたい」という心の欲求が強くなります。それは生半可ではなく、脚光を独り占めしないと気が済みません。反面、無意識に自分を他人と比較しています。自分が優れていると認めることで、心の底の不安を消そうとしているのです。
贅沢を好み、気前もいいのですが、子どもっぽく、注目を集められないとひねくれます。とはいえ、周囲を楽しませるのも大好き。大勢の人前に出ることでイキイキとし、芸能界にも縁があります。"
1,5,"ルーティーン好きな観察者；
""完璧な人でありたい""と願い、他人からの自分の評価もとても気になる人です。対人関係では引っ込み思案なところがあります。相手を評価するため、口を開かない代わりに、しっかりと観察します。ひとたび心を許したら、誠実なパートナーになるでしょう。
秩序ある生活の中にいることで心地よさを感じ、清潔で整頓されている環境の中では落ち着きます。事務的なルーティーンワークも得意。
健康面に興味が深く、身体の管理もまめなタイプです。"
1,6,"おしゃれなネゴシエーター；
天秤座の守護星である金星の要素が表れ、美と調和を重視する性格になります。自分以外の人に対する関心が強く、平和を求めるがゆえに苦手な人に対しても愛想よくしてしまう、八方美人なところがあります。他人を喜ばせて期待に応えようとする欲求が強いからです。社交的で礼儀正しく、交渉ごとも得意。誰とでもすぐに友達になれるタイプです。
人生もバランスよく生きたいと考えるため、インテリアやファッションなどでも美的センスを発揮できるでしょう。"
1,7,"寡黙な情熱家；
煮えたぎるほどの熱い情熱や感情を持ちながら、そこに蓋をしてしまうタイプ。そのため、「何を考えているかわからない」と思われてしまうことが。プライドが高いのも特徴。忠誠心が強く、その分、周りの人にも誠実さを求めます。真心を感じられないと不安になり、怒りをぶつけることも。
男性の場合、女性に対して皮肉っぽい態度をとりがちです。女性の場合、母親との苦い思い出があることが多く、基本的に自分以外の女性をあまり信用しないでしょう。"
1,8,"マイペースでポジティブ；
陽気でポジティブ。飾り気がなく率直なタイプです。反面、素直すぎて歯に衣着せぬ物言いになることが。冒険心や探究心も強いため、考えるよりも先に行動に出ます。基本的に大らかで、細かい気遣いや感情表現は苦手。粗野な印象を与えがちです。
知識や高等学問に関心が高く、読書をはじめ専門分野の勉強にも熱心です。
縛られるのが苦手で、自由を求めます。１か所に留まろうとしないため、旅行や転居も多く、遠出も多くなることでしょう。"
1,9,"控えめな堅実派；
月本来の豊かな感情表現が抑圧される位置です。自分の殻の中に閉じこもり、感情を抑えてしまうタイプ。それは、幼少期に喜怒哀楽を自由に表現できない環境にいたという要因からかもしれません。厳しい人に見えますが、愛情深い一面も。
規則正しく生きることを求め、身の回りのすべてを把握したいと考えるため、仕切り屋になる傾向も。加えて、慎重で危ない橋を渡らないのは、何より安定を求めるがゆえ。金銭面でも冒険はせず、計算高く取り組むタイプです。"
1,10,"クールな変人；
落ち着きがあり、クールなタイプ。感情の浮き沈みが少なく、柔和で懸命な判断をします。物事を直感的に理解する反面、他人の感情に疎くなりがちで、どこか他人とは距離を置くという印象を持たれるでしょう。
気さくでオープンですが、突然どこかに消えたり落ち着きを失ったりと、予期せぬ行動に出ることがあるため、変わり者扱いされがちです。
特定の人と深く関わるのは苦手ですが、個人の自由を大切にしながら、仲間や同士と集まるのが大好きです。"
1,11,"デリケートな人情派；
感受性が強く、とてもデリケート。困っている人を助けたいという欲求が強く、同情的なので、嫌だと感じたときにもノーと言えず、流されてしまいやすいタイプです。
夢見がちで、魔法のように願いを叶えてもらえることを望みます。それでも、その想像力を活かせば、芸術方面で活躍できるでしょう。
また、公私の境界線が曖昧になり、あらゆることに影響されて混乱しがち。不注意からのミスや怪我も多いので気をつけましょう。"
2,0,"せっかちなパイオニア；
頭の回転が速く、機知に富んだタイプ。ウィットに富んでいますが、話し方はせっかちで歯に衣着せないので、さらっと皮肉を飛ばすことも。
開拓精神が旺盛で、ゼロから新しいことを考え出すのが得意です。前代未聞のことをやってのけることもしばしば。そんな大業も、努力を重ねた結果ではなく、一夜漬けでこなしてしまうのが特徴。直感的思考が得意で、何事も短期決戦で勝つのがこのタイプの強みです。企画、広告、マスコミなどで実力を発揮できるでしょう。"
2,1,"友好的ながら頑固；
ちゃう実で現実的な考え方をするタイプ。知性の働きは敏感ではなく、事実を理解するのに時間がかかるほうです。
友好的で社交性もあり、温和な印象を与えます。意外に頑固な面もあり、実際に見たり聞いたりしたことでないと頭に響かず、許容しにくいのです。その代わり、いったん確信を得たら、長く続けることができるという強みがあります。
優れた五感を活かし、職人などの専門家として活躍できます。牡牛座は「喉」を担うため、美声の持ち主も多いです。"
2,2,"頭のキレるお笑い芸人；
水星は双子座の守護性ですから、その特徴が強く表れます。機知に富んでいて、論理的で断言的な弁舌家です。言語能力が高く観察力にも優れているので、書くことも得意です。
幅広い知識を得ようとする欲求が強く、二元的な傾向があります。そのため意見を変えることも少なくないでしょう。知的好奇心が旺盛なため、複数のことに着手し、1つを極めるのは得意ではありません。
ユーモアセンスに優れていて多面的なので、お笑い芸人としての資質も十分です。"
2,3,"過去を楽しむ繊細な人；
情の深い蟹座と、知性を担う水星は真逆の性質です。それゆえこの配置の人は、感情抜きで思考するのが苦手で、客観的な判断は難しいかもしれません。
防衛本能が強く、自分の考えや信念を守ろうとするタイプ。仲間に対する愛着が強く、相手の考えを複製することも。反面、他人の言葉に敏感で、心配性で、気難しくなりがちです。
また、記憶力と想像力に優れ夢見がちですが、未来のことには無関心で、過去への愛着が深いでしょう。家庭生活や不動産に関する職業が合います。"
2,4,"ワンマンでドラマチック；
知性の働きが自己中心的になりやすい配置です。自分のことを伝えるのは積極的ですが、他人の意見には無関心で、簡単には受け入れない傾向も。
話し方や表現力に演出が加わるため、ドラマチック気味。自惚れも混ざります。心は広いのですが、命令が多く傲慢な印象を与えがちなので、謙虚さを意識するといいでしょう。
創造力に優れ、芸術や演劇方面で活躍も。また、子どもの精神発達に関心があり、長所を引き出すのも得意です。教師としても能力を発揮できます。"
2,5,"口うるさい頭脳派；
水星は乙女座の守護性ですから、その意味合いは強くなり、水星本来の力を発揮します。
優れた学習能力を持ち、記憶力も抜群。長期に渡る難しい研究にも向いています。また、物事を分類・整理するのが得意で、統計的な判断や分析した結果を重視する傾向が。口うるさくて批判的な面もありますが、呑み込みも早く、焦点のあった答えを引き出すことができます。
健康に興味を持ち、衛生学や食餌療法を実践し、健康を保とうとするタイプ。秘書やセラピストなどで才を輝かせます。
"
2,6,"穏やかな外交家；
上品な話し方や態度が魅力的な人。持ち前のバランス感覚で、問題を両面から見ることができます。また、他人の考えを聞いて参考にできるので、知的共同作業にも向いています。
自制心があり、話し方はゆっくりと穏やかなので、激情に走ることはありません。反面、深く考えることが苦手で優柔不断なので、解決を先延ばしにする傾向があります。
人との距離感が絶妙で外交手腕に優れるので、交渉を必要とする外交や営業、裁判関連などで活躍できるでしょう。"
2,7,"静かなる闇の追究者；
並はずれた集中力を持ち、探究心も旺盛です。""神秘""や""闇の力""にも関心が強く、物事の背後にある隠された事実を追及しようとします。
冷静で客観的な物の見方をしますが、好き嫌いの感情に触れられると、突然激情的になりがちです。シニカルで気難しく、サディスティックな面もあります。知らず知らずのうちに自分の考えを他人に押し付ける傾向もあるので注意。
人の心を扱う心理学、精神医学、探偵、謎解きなどで実力を発揮するでしょう。"
2,8,"向学心旺盛だけど飽きっぽい；
物知りで豊かな教養の持ち主で、いくつになっても向学心を燃やし続けるタイプ。反面、飽きっぽく、集中力に欠けます。考え方が飛躍する傾向も。
精神的価値が高いものに興味を示しますが、世俗的な事柄には無関心です。文章能力に優れていますが、義務教育時代にそれが発揮できるとは限らず、むしろ大人になってから真の進歩が現れるでしょう。
教育、語学、スポーツ、医学などに適正がありますが、単調な仕事は苦手。職歴が変わりやすいのも特徴です。"
2,9,"打算的な理性派；
土星の影響が強く、水星の軽快さが息を潜めます。打算的で理性的。何事にも真面目に取り組むタイプです。物事を計画通りに行い、ひらめきや直感による決断は警戒します。考え方も保守的で現実的でしょう。
頭脳明晰ですが、無口で辛辣。方法論にこだわり、融通のきかない面があります。
軽快なタッチには欠けますが、実務能力が非常に高く、スケジュール調整、有益な時間の使い方では右に出るものはいません。教師やシステム管理、経営者にも向いています。"
2,10,"友好的な発明家；
未来を先取りする進歩的な思考の持ち主です。開拓精神に富み、発明の才もあります。目を見張るような独創性を持ちますが、いったんこうと決めたら、なかなか意見を変えない頑固なところも。
反面、予測不能な出来事には対応力◎。想像力に欠け、クールで客観的ですが、人間への興味は強く、友好的です。
現代科学に関心を持ち、天文学や占星術にも興味を示すタイプ。研究職や映像関係にも敵視、組織や国家などスケールの大きい物事にも対応できます。"
2,11,"感受性の強いヒーラー；
魚座の守護星・海王星の影響で、水星の明快さが薄らぎます。自由気ままな思考力と、知性が結びつくため、論理的ではなく、フィーリング重視。想像力も豊かです。
他人の影響を受けやすいうえ、さまざまな印象に染まりやすく、日によって考え方や発言が違うことも。集中力も散漫になりやすいタイプです。
模倣の才能もあり、とくに耳から語学を習得するのが得意。詩、音楽、アート、ダンスなどに関心を持ったり、ヒーラーとして活躍する人もいます。"
3,0,"制御不能の熱い人；
牡羊座の守護性・火星の攻撃性と、調和の金星の組み合わせには葛藤が生まれます。
とくに、恋は衝動的で、愛情表現は情熱的。いったん恋に落ちると、気持ちを抑制できません。好きな人の心を射止め、征服することに喜びを感じますが、大胆な行動で相手を振り回すこともしばしば。獲物を狙う傾向があり、それが満たされると新鮮さを失い、興味は別の方向に移ります。
金銭面も衝動的で、一攫千金を狙いますが大抵は無に帰します。"
3,1,"誠実な官能主義者；
牡牛座の守護性は金星ですから、オウンサイン（本来の星）となり、金星の特徴が強く表れます。愛情面では情が深く、誠実なため恋も長続きします。ただし、所有欲の強さから愛する人を「自分のもの」と考え、ジェラシーへと導かれやすい配置です。また、官能的な恋愛に溺れやすいでしょう。
財運に恵まれ、物質的に満たされると心が安定します。五感の快適さを求め、おいしい料理、贅沢、肉体的な快楽への願望が強く表れます。年とともに肥満になりやすいので注意を。"
3,2,"言葉を操る陽気な恋人；
愛情を表す金星が双子座にあると、言葉による愛情表現が得意になります。明朗で洗練されたムードを持っています。好きな人とは知的な面で結ばれることを望み、魅力的なトークで気持ちを伝えるタイプ。その反面、首尾一貫しない傾向も。好意を抱くと大抵気軽に接近しますが、恋愛に夢中に見えて、実は醒めていることもしばしば。とくに責任がついてくる結婚に対しては、クールな態度をとりがちです。
旅行が好きで、興味のあることにお金を散財します。"
3,3,"心配性の母親；
愛情表現に蟹座の要素が加わり、保護的で母性的、ときには父親的にもなります。蟹座は水のエレメントなので、相手の気持ちに同化しようとします。同情心や思いやりの心が強いため、世話好きで、おせっかいの傾向も。恋愛面でも心配性なので、相手を甘やかせ、依存体質にしてしまうかもしれません。家族に対してはよりよい環境を整え、手によりをかけた料理を出すなどして尽くします。
経済面に対しても心配性で、変動があると不安にかられやすくなるタイプです。
"
3,4,"ドラマチックな恋人；
恋愛を表す金星に獅子座の自己主張の強さが加わり、愛情表現は熱烈で華やかです。ドラマチックな恋愛を好み、お世辞も上手。デートでも演出をすることで、自分はもちろん、相手も楽しくさせようとします。自己アピールに長け、魅力的に見せることも得意です。喜怒哀楽が激しく、情にもろく、独占欲も強いタイプ。愛する人を高めようとすると同時に、支配したいという欲求も強めです。また、パートナーを自慢する傾向も。お金の使い方は派手で、投機を好みます。"
3,5,"ツッコミが激しい純愛派；
乙女座の分析的で批判的な面が愛情面に表れます。理想が高いうえ、完璧を求めるため理想と現実のギャップを感じ恋愛に臆病になりがちです。そのためアイドルなど現実離れした相手に入れ込みやすいかもしれません。また、愛に純粋で誠実ですが、その表現は控えめ。細かなことに楽しみを感じる反面、相手に対して長所よりも欠点が目につき、ツッコミ癖から愛にヒビが入ることも少なくありません。
金銭面では、リスクを嫌い、几帳面に管理するタイプです。"
3,6,"恋多き社交派；
天秤座の守護星は金星ですから、その意味合いはより強く表れます。美男美女が多い配置でもあります。争いを嫌い、礼儀正しく社交的。人の気持ちを察することに長け、社交シーンではその力を存分に発揮します。そのためたくさんの人に愛され、敬意を受けるでしょう。
一方で、依頼心が強く、わがままな面があり、誘惑には弱いタイプ。異性遍歴を重ねやすい傾向も。
異性からの金運もあります。結婚によって地位や名声を得ることが多いでしょう。"
3,7,"独占欲の強い官能派；
蠍座の守護性である冥王星は、究極を表す星。つまり、愛情が極端に表れます。好き嫌いの感情が激しいため、自分が愛する分、同じだけの愛情を受けないと、相手を許すことができないのです。独占欲が強く、相手を無意識にコントロールしようとするところがあるため、嫉妬に悩まされることも多いです。性的欲望も強く、愛情表現としてセックスが重要になるでしょう。財政面も極端に表れ、よいか悪いかになります。スポンサーには恵まれ、遺産や相続などで大金を手に入れる人も。"
3,8,"フランクで潔い恋人；
射手座の守護星・木星の影響で、愛情は大らかでオープン。フランクで冒険的なので、早熟なタイプが多い配置です。好きな人にはストレートに気持ちを伝えますが、諦めも早いタイプ。誠実だけど、簡単に挫折します。理想を求めてさまよう傾向があり、""尊敬の対象""、""自分よりランク上""の相手との恋は、自分自身のグレードアップにもつながります。外国人とも縁があります。
金銭面はズボラです。どんぶり感情や見通しの甘さから損失を招きやすいので注意。"
3,9,"不器用な官能派；
山羊座の守護星・土星の影響から、愛情表現は上手ではありません。金星の持つ温かみが冷却されるイメージです。恋愛に対して猜疑心を抱きがちで、ロマンチックなムードにも欠けます。理性が働き、自分の性欲を抑え込む傾向がありますが、堰を切れば、自我を忘れるような極端な体験にハマることも。
愛情そのものは誠実で、変わらぬ愛を捧げるタイプ。一方で、打算のからんだ結婚をし、恋愛を野心に利用する場合も。
無駄を嫌う倹約家で、経済観念は優れています。"
3,10,"自由を確保する友愛主義者；
水瓶座の守護星・天王星の影響から、愛情表現はオリジナリティに富んでいます。友愛精神にあふれ、気さくでフランクですが、どこか相手との距離をとろうとするところがあります。情緒よりも理性が先行するため、愛は発展しにくく、むしろ人類愛を目指すタイプなのです。親密な関係であっても束縛を嫌い、自分の自由を確保しようとします。常識や因習にとらわれないので、周囲には奇妙な関係と映るでしょう。
金銭面への執着は薄いですが、判断は賢明です。"
3,11,"人を和ませるドリーマー；
魚座の守護星・海王星の要素が影響し、愛情表現は同情的で平和的です。人を和ませるタレント性もあります。人の気持ちに敏感で、傷ついた人を癒す力も。その反面、感情的で情に流されやすく、頼まれると断りきれないことも多いでしょう。
また、特定の相手に愛情を集中させないので、誰でも踏み込めるような隙が多いののも特徴。夢見がちで、常に人生に希望を抱いていますが、だまされやすいので気をつけたいところです。
金銭面は無頓着でルーズなので、管理能力を養いましょう。"
4,0,"せっかちでスリル大好き；
火星は牡羊座の守護星ですから、本来の星となり、行動力や闘争心が最もピュアに表れます。情熱的で大胆でエネルギッシュです。冒険心に富み、初めてのことにも果敢にチャレンジするタイプ。スリルやスピードを愛し、常に新しい刺激を求めます。セックスも激しめを好みます。
自信家で、他人のいいなりになるのが大嫌い。率先して行動していく人です。一方で、衝動的な行動が多く、せっかち。事故を起こしやすい傾向があるので、注意しましょう。"
4,1,"静かなる頑固者；
火星の攻撃力に牡牛座の忍耐力が加わり、火星の力はかなり減殺されます。行動はスローですが、粘り強い意志の持ち主。目標を掲げたら、着実に達成を目指します。普段は落ち着いていて怒りをあらわにしませんが、積もり積もると爆発するタイプです。
また、五感を活かした仕事に適正があり、芸術関係にも向きます。一方で、所有欲が強く、わがままで頑固。とくにお金儲けにエネルギーを注ぐ傾向が。そのため十分な収入を得ますが、支出も同様に大きくなります。"
4,2,"落ち着きのない話好き；
火星が双子座にあると、知的なエネルギーが顕著に。頭の回転が速く、鋭い反応やスピーディーな伝達力となって表れるのです。話し好きだけど、言葉による攻撃力や自己主張が強くなり、歯に衣着せぬ発言や、破壊的な論争で周囲を戸惑わせることも。移り気で落ち着きがなく、エネルギーを多方面で消費しがちですが、心身のバランスをとれれば最強です。
器用で多才。生活方針や環境が変わりがち。借金払いに苦しむことがありますが、なんとか切り抜けるでしょう。"
4,3,"気難しい小心者；
火星の攻撃力が蟹座の守護性・月によって、不安定に作用します。非常に感情的で、気難しく短期。行動は非論理的です。他人からの影響を受けやすく、自分の考えを覆すことも。不満がたまってイラつく人も多いでしょう。ひねくれたり反抗的になったりと、攻撃性が歪みがちです。また、親しい人には強気でも、知らない人には弱腰になります。
落ち着いた自分の居場所を築きたい願望が強く表れ、家族や愛する人を守るために攻撃的になることもありそうです。"
4,4,"怖いもの知らずの熱血派；
獅子座の守護星・太陽の自己アピール力が加わり、火星のエネルギーがさらに熱くなる配置です。謙虚さがなく、恐れを知りません。人から賞賛されたいという欲求と権威欲が旺盛で、目的意識も強め。そして、そのための努力は惜しみません。
物事に熱中しやすく、創造力が豊かなので、アイデアを次々に形にしていきます。一方で、粗野な傾向もあり、細かいことをチェックするのは苦手かも。
男性の場合、頼りがいがあるように映り、女性はがが強く勝ち気な印象に。"
4,5,"気の小さい批判者；
火星が乙女座に位置した場合、細部によく気がつき、優れた実務能力を持ちます。大きな責任を負い続ける力に欠けるため、事業を興すことや、トップの座に座る力量はありません。しかし、こまごましたことによく気がつき、面倒なことにも労を惜しみません。単調な作業も得意でしょう。
仕事熱心なだけに性急で、批判精神が過剰になりやすい傾向が。それは、火星の怒りを直接発散できないため。防衛本能として他人の落ち度を指摘し、自分を守っているからです。"
4,6,"エネルギッシュな社交家；
天秤座に火星がある配置は、その攻撃性を弱め、天秤座が大切にしている対人関係にエネルギーを割きます。論争的になる傾向もありますが、それは自分なりの美学を貫き、他人を説得したい欲望の強さゆえ。また、確固とした独立心に欠け、怪獣的ですが、共同作業では人の争いごとに巻き込まれるなどトラブルがついてまわりがちです。
活動的な社交家で、とくに異性との交流が多いため、恋愛面は幸運です。情熱的な恋愛をして早婚、もしくは勢いでの結婚もあるでしょう。"
4,7,"疲れを知らない支配者；
蠍座の守護星・冥王星の影響で、火星のエネルギーに究極の力が加わります。強い意志と鋭い決断力を持ち、記憶力も抜群。息抜きすることを知らないほど精力も旺盛です。ダメージを受けても回復力があり、セックスもパワフルでしょう。
目的を達成する実行力が高い一方で、激情にかられやすい傾向が。それらは残忍さ、嫉妬深さ、復讐心などにつながります。感受性が強く、洞察力もありますが、無意識に人を支配しようとする傾向があるので注意しましょう。"
4,8,"突拍子もない勇者；
射手座に位置していることで、火星の力が大らかに働き、軽快な行動力の持ち主に。自分の信念に基づき、旺盛な頭脳活動と情熱的な冒険力で物事を進めます。何事にも全力で取り組む一方で、物事を大袈裟にとらえたり、突然脇道にそれたりと、安定性に欠けるところも。
火星の攻撃性は肉体レベルで表れ、スポーツや旅行に向けられます。寛大ですが、ちょっとしたことでカッとなるなど、せっかちで抑制心に欠ける面も。ただし、その場で吐き出すので後は引きません。"
4,9,"ゆっくり進む野心家；
火星がこの1にあると、そのエネルギーは目的達成のために、無駄なく使われます。火星の攻撃性は、穏やかな野心として表れ、物質的欲望にも反映されるでしょう。集団の中で自分の資質を磨いたり、責任を全うしたり、自分を鍛え、努力に余念がありません。
慎重にして大胆。富や権力への追及も尽きないでしょう。高い知力を持ち、戦略は巧妙。学習スピードは遅いものの、着実に目的に近づきます。鋭い洞察力を持ち、几帳面で事業面もよく、成功を望めるでしょう。"
4,10,"自由を求める議論好き；
水瓶座の守護星・天王星の力が加わり、独創的で自分の自由を強く求めます。火星の持つ攻撃性は個人的な欲求というより、社会改革や束縛からの解放を求める行動に表れます。そのため目上の人や権力者に意見することも。すぐに論じる癖があり、物事を理論的に考えますが、理屈っぽくなりがちです。
また、感情に深入りすることを嫌い、他者への気配りに欠けて見えるかもしれません。突然ぶっきらぼうになり、独断に傾きやすい傾向も。怒りのツボが周囲と異なるのも特徴です。"
4,11,"移ろう自己犠牲の人；
情緒豊かな魚座の影響で、火星の攻撃力が感情的に表れます。感受性が豊かで他人の気持ちを読み取る力に優れるため、相手を傷つけたくないという気持ちが働きます。自己犠牲の精神も強いため、怒りは内に秘め、自分の欲求との間に葛藤が生まれやすいでしょう。
また、気が多すぎて考え方がまとまらない傾向も。努力の対象が定まらず、人生観も確固たるものがないことが多いでしょう。目的があっても適正な判断ができず、自暴自棄になることがあるかもしれません。"
5,0,"無謀なリーダー；
牡羊座の自我が木星によって拡大・発展され、寛大さと熱中する力を与えます。向上心が強く、自信に溢れ、情熱的で建設的な行動をします。何事にも積極的で、正義感と包容力も豊か。リーダーシップにも恵まれるでしょう。
自由への欲求が強く、高貴な精神と品性を持ちますが、自信過剰になりがちです。他人に対して警戒心を抱かないため、無謀な行動に出ることも。
浮き沈みもありますが、中年期から新しい人生に挑戦し、成功する人も多いでしょう。"
5,1,"贅沢を求める温厚派；
木星が牡牛座にあると、現実的な快楽を求める気持ちが強くなります。物質や金銭に恵まれることを求め、実際に豊かな生活を送れるでしょう。
肉体的な快楽や贅沢のためにお金を使うタイプ。お金の力で自分を増強しようとする気持ちが働くからです。人生の目的を物質的な成功に求める傾向もあり、芸術品や美食に関心が強くなります。
理性的で礼儀正しく、優れた判断力の持ち主。融通性もあり、温和で、五感を通して幸せを叶えていきます。"
5,2,"楽しいけれど極められない人；
木星の拡大作用が知的な面に表れます。知識欲が旺盛で、おしゃべり好き、自己宣伝欲も増強されます。木星のオープンさが多少抑えられ、細かいことに気が回る性質が強まります。
アイデア力にも優れ、ユーモアセンスもあり、周囲を楽しませることができます。そのため、深刻な問題を抱えていても、周囲には気づかれません。
多才で刺激と変化を楽しみ、新しいことにすぐ飛びつき、ヒットを生み出す可能性も。ただし、掘り下げることができないのが難点です。"
5,3,"慈悲深い気まぐれな人；
木製の精神的向上心が家庭や感情面に表れます。とても親切で寛大です。保護本能が強く、慈悲の心も豊か。とくに大切な仲間や家族を守ろうとする気持ちが強く、結果的にその恩恵も大きくなるのが特徴です。
直感力、想像力、記憶力に優れ、模倣の才能もあります。蟹座の守護性・月の影響から、落ち着かず、気まぐれな傾向も出てきます。
家庭を大事にする気持ちが強く、家事や育児も得意。家庭に関する仕事、人と接する仕事で成功しやすいでしょう。"
5,4,"度量のある演出家；
木星が獅子座に位置すると、にぎやかで華やかなムードを持ち、自分を印象づける能力が高い人となります。人を楽しませることが大好きで、人生をドラマチックに演出するのも得意でしょう。ただし、なんでも大袈裟にしてしまうので、いきすぎると""ビッグマウス""に見られる可能性も。
上品で威厳があり、活力にあふれ、善も悪もあるがままに受け入れる度量がありますが、尊大な面も。大きな事業に意欲を燃やし、トップの座に就くという野心も抱いています。"
5,5,"懐疑的な分析者；
木星のおおらかなエネルギーが抑えられ、乙女座の繊細さが際立ちます。細かいことを大袈裟に扱ったり、批判癖が強まったりする傾向が。情熱的ですが、興奮しやすく、感情面での本質が現れにくいのが特徴です。
一方で、分析力に優れ、緻密で実際的なタイプ。集めた知識や情報を、現実的に形にすることに情熱を注ぐため、教育の分野にも適性があります。親切で良心的なため、奉仕にも向くでしょう。ただし、すべてのことに理由がないと納得せず、懐疑的な面も表れます。"
5,6,"コンビを組んで羽ばたく人；
木星の積極的な特性が社交的な天秤座に放たれると、人にこだわりを持たなくなります。そのため親しみやすさと友好性がさらに高まる結果に。人との交際の中から社会性を学び、他人への協力も惜しみません。社交の中から人生の意味や価値観を見出そうとするのです。
反面、1人では幸せになり得ないという意味もあります。仕事でも、1人でやるより、パートナーシップを組んだ方がうまくいく傾向が。調和のとれた性格ですが、自信過剰になりやすいので謙虚さを心がけて。"
5,7,"強い感情と闘志を秘めた人；
木星の拡大力は蠍座の表す深い感情に授けられます。感受性が強く、探究心も旺盛。現実の背後にあるものを追究する、事実の原因を探るなど、物事の深い部分に関心を持ちます。
用心深く控えめで内省的。しかし、不屈の闘志を秘めています。感情が強すぎるがゆえ、いきなり荒々しい態度に出ることがあるので要注意。思慮に欠けるところがありますが、木星に保護され、傷つくことはあまりないでしょう。
また、人からお金を引き出す才に長け、財政面は有利です。"
5,8,"視野の広い楽天家；
射手座の守護星は木星なので、申し分のない配置です。木星の力が純化した形で働きます。明朗で楽天的でオープン。小さなことにはこだわらず、視野が広いのも特徴です。
また、向学心にあふれるため、文学、哲学、語学、法律学など関心事も幅広く、それらの方面で実力を発揮できます。束縛を嫌い、自由を愛する気持ちが強く、移動が多くなり、長期の旅行を好む傾向が。そのため外国とも縁があります。活動的なのでスポーツも大好きです。"
5,9,"先見の明がある保守派；
山羊座の守護星・土星が木星の拡大作用や発展力にブレーキをかけます。責任感が強く、常識的で現実的。加えて、注意深く控えめで、自制心も強いタイプです。外見も信念も保守的で、寛容さに欠けます。ときには否定的になり、深刻さが増すことも。思慮深い反面、強情で独善的な傾向をもたらします。
一方で、着実に努力を重ねることができ、先見の明もあります。真面目さが買われ、年長者との交際で幸運を招くでしょう。長期的な仕事ならば、どんな分野でも活躍できます。"
5,10,"型破りな博愛主義者；
水瓶座の守護星・天王星の力が加わり、リベラルな生き方を望むタイプになります。交友範囲は広く公平で、偏見がありません。他人に対して協力的なので、尊敬されることが多く、人脈も広いでしょう。
エキセントリックなユーモアセンスがあり、独創性が高いので、個性や特技を活かした職業で活躍できます。とくにメディア関係、写真、考古学、天文学、占星術などに適正があります。
人道主義者ですが、規律に対しては厳しくないので、ルーズになりやすい傾向があります。"
5,11,"慈悲深いヒーラー；
魚座の持つ同情心が木星によって拡大されます。他人の感情に敏感で、細やかに反応できるので、多くの人に好かれます。根本的に”癒しの力”を持っていて、人のために献身することで自分の心も満たされ、社会的成功もつかんでいくタイプ。医者、看護師、ヒーラーに多い配置です。
また、豊かなインスピレーションにより、芸術方面で力を発揮する人も。ただし、だまされやすい危うさもあるので、身長さが必要。海辺など自然と親しむと心が安定します。"
6,0,"用心深く高慢な人；
土星の持つ重々しい抑圧力が、牡羊座の積極的なエネルギーを抑え込みます。土星の忍耐力や慎重さが、プラスに作用せず、失敗を招くことになりやすいのです。それは、過度な用心深さが原因。考え込んで、計画が遅々として進まないことも。
高慢で短気なため、競争に負ける、二番手に甘んじることは大きな恐怖に。そのため自分より立場の弱い人に対して強く出る傾向があります。打たれ弱く、一度自信を失うと無気力になったり、反論したりも。指摘や助言にも耳を傾けましょう。
"
6,1,"鈍重な欲張り；
試練の星・土星が牡牛座になると、慎重さ、忍耐強さが顕著になります。石橋を叩いて渡る消極性も強くなり、自発的に動くことが苦手なタイプ。さらに鈍重さも加わりますが、長期戦に力を発揮するという強みも。
感情は安定していますが、寛容さや陽気さには欠け、五感も鈍くなります。真面目な反面こだわりが強く、度量の狭い態度に出ることも。
金銭や物に対して執着があり、それを失うことに恐怖心を抱きます。お金ではない真の価値を見つけることが大事です。
"
6,2,"不器用な堅実派；
双子の性質に土星の制限力が加わり、活発さや軽妙さは減殺されます。考え方は慎重で遅く、話し方や表現力は不器用に。知的で優秀な自分を活かせず、不安と恐れに悩ませることが多いでしょう。また、精神を集中させる鋭敏さに欠け、疑い深くなり、意地悪や偏屈な態度に出ることも。片意地を張って最終的に失敗を招く傾向がありますが、年を重ねるごとに知恵がついて安定します。
秩序だった考え方ができるので、実用的、現実的な分野で実力を発揮できます。"
6,3,"悲観的でナイーブ；
土星が蟹座に入っていると、感受性の強さが顕著になりますが、それを抑え込もうとする力も働くため、ストレスを抱えやすくなります。
世話好きで保護精神が豊かな反面、臆病で頑固。活力がなく、悲観的になりやすい傾向もあります。打算的な言動が出ると、人間関係を損なうので注意を。
また、家庭を安定させたいという強い願望があり、孤立に過度な不安を持ちます。その場合、家庭を築いて親になるという経験が自信につながり、心を強くさせてくれるでしょう。"
6,4,"殻を破れない弱腰の人；
抑圧の星・土星の影響で、獅子座本来の華やかなアピール力が弱まります。自己主張したいのに、どこかでブレーキをかけている自分がいます。注目されなかったときにプライドが傷つくことを恐れ、逆に自己否定してしまうことも。
誠実で意志が強いですが、他人から高御堂を抑制されると、怒りっぽくなります。それにより組織の雰囲気を壊すと、仕事で失敗するので注意を。また、独善的で、誇大妄想が強まる傾向も。プライドを捨て、素直になることを意識してみましょう。"
6,5,"細部にこだわる真面目な人；
乙女座の繊細さに土星の抑圧が加わると、細部に気を配り過ぎる傾向が。些細なことが気になって全体像を見失ったり、しなくてもいい労力をかけたりすることが多いでしょう。
真面目で頭も切れますが、制限と統制を求める気持ちが強くなり、理路整然、几帳面などという形で表れます。そのためマイルールに縛られ、日々のルーティンを崩されると、とたんに不安に。潔癖を求めるあまり他人の粗探しをするきらいがあり、人を窮屈にさせるので柔軟さが必要でしょう。"
6,6,"バランスをとれない孤独人；
天秤座に土星があることで、対人関係でのバランスの取り方が不器用になります。他人との距離感がわからず、相手が踏み込んでくると、急に冷淡になるなんてことも。人との交流に苦手意識を感じ、それがさみしさや憂鬱を招いているのに、それを自覚できません。
利益に関しては敏感で、地位や財産などの利益のために結婚を決断することも。他人との協力関係でも、利害のバランスを計ろうとする性質が強いでしょう。また、父親が圧迫的な存在になる人も。
"
6,7,"闇の中の野心家；
抑え込む力を持つ土星が蠍座にあると、ネガティブな感情に蓋をする傾向があります。そのため、圧力をかける、敵を許さない、報復行動に出る、冷酷になるなど、心の闇が強く表れます。しかし、自覚すれば大きく成長できるでしょう。
犠牲を払ってでも危険に挑戦する覚悟を持った人。反面、権力志向が強く、頑固で執拗。狡猾さから不評を買うなど、つまずくことも多いですが、時間をかければ人の心を掌握します。
他人の財産を管理する能力があり、遺産を相続する場合も。"
6,8,"控えめな晩成型；
射手座の大らかさを土星が抑制し、未来に向かって積極的に行動するという力を歪めます。知的能力に優れ、長期に渡って学問に取り組む勤勉差がある一方、独りよがりになりがち。高い精神の持ち主なのに、時に癇癪を起こすなど、展開はスムーズではないかも。
人間関係は遠慮がちで打ち解けるのに時間がかかりますが、友人も敵も愛せる人です。めったに感情を害することはありませんが、闘争を恐れない面も。年とともに落ち着きと威厳を増し、自由を手にするでしょう。
"
6,9,"慎重な長距離ランナー；
土星が山羊座で本来の座ですから、土星の持つ力が最良の形で表れます。野心が強く、長期的な計画と地道な努力によって、最後に成功を収めることができるでしょう。しかし、心のよりどころがないため、それを補うようにステイタスを求める傾向もあります。
無口で実直で、慎重。不平不満が多く、利己的な面もあり、人と打ち解けるのに時間がかかります。疑い深いので、孤独になりがち。他人の希望に無関心なので、大切な人ほど思いやる気持ちを忘れずに。"
6,10,"孤独な理想家；
水瓶座の自由な独創性が土星によって抑え込まれます。派手さはなく真面目。忍耐強く勤勉です。自分流の生き方をしますが、恒久的な価値に重きを置き、確信を得たら自分の意志を決して曲げません。
また、平等で自由な社会を作るという理想を持ちます。同じ目的を持つ人とは協力して取り組みますし、それで名声を得ることもできるでしょう。ただしそれは、周囲と争うことで孤独になることへの恐怖が根底にあるからです。社会で自分の個性を活かす道を模索してみて。"
6,11,"悲観的な博愛主義者；
自分より他人のことを優先しがち。その反面、人に利用されることを恐れ、他人と距離を置きたがります。持ち前の同情心や自己犠牲といった精神を働かせないと、自信の欠如につながり、希望を失って活気のない人生につながりかねません。
弁舌力や外交能力はあるものの、博愛精神を活かす場所がないと悲観的になりがち。狡猾で不正直な面もあり、その分、他人にもごまかされたり、味方が敵に回ったりすることも。不運を感じたら、純粋な奉仕の精神に立ちかえるといいでしょう。
"